<application>
  <component name="ProjectManager">
    <defaultProject>
      <component name="PropertiesComponent"><![CDATA[{
  "keyToString": {
    "settings.editor.selected.configurable": "preferences.keymap"
  }
}]]></component>
      <component name="WindowStateProjectService">
        <state x="461" y="83" key="SettingsEditor" timestamp="1706817443672">
          <screen x="0" y="0" width="1920" height="1032" />
        </state>
        <state x="461" y="83" key="SettingsEditor/0.0.1920.1032/-1920.0.1920.1032" timestamp="1706817443672" />
      </component>
    </defaultProject>
  </component>
</application>